{"lossD": -257.7945861816406, "_timestamp": 1704551526.567074, "lossG": 131.44503784179688, "img": {"_type": "images/separated", "width": 32, "height": 32, "format": "png", "count": 5, "filenames": ["media/images/img_700_e0ee9f9daa7a9bce85fa.png", "media/images/img_700_5b805697a500131b5fac.png", "media/images/img_700_9549b40b8a99325bc58b.png", "media/images/img_700_d823b3a5532b921d0f56.png", "media/images/img_700_fd1991a7d1451b8e0517.png"]}, "_runtime": 92.372887134552, "_step": 700}