{"lossD": -913.4093627929688, "_timestamp": 1704552282.6409473, "lossG": 482.28973388671875, "img": {"_type": "images/separated", "width": 32, "height": 32, "format": "png", "count": 5, "filenames": ["media/images/img_1900_7444a49b20cea1ad5bef.png", "media/images/img_1900_3916ff9bd02b64f673ce.png", "media/images/img_1900_78c413c75285f70f7569.png", "media/images/img_1900_55c5805e62b31e2dca41.png", "media/images/img_1900_92bb0b0fc36f321af992.png"]}, "_runtime": 76.64684128761292, "_step": 1900, "_wandb": {"runtime": 79}}