{"lossD": -6551.81103515625, "_timestamp": 1704552676.4697962, "lossG": 3269.904052734375, "img": {"_type": "images/separated", "width": 32, "height": 32, "format": "png", "count": 5, "filenames": ["media/images/img_6300_c03064422d4712b2883d.png", "media/images/img_6300_d1e108c86db81949b28a.png", "media/images/img_6300_70721e5725e5268206a1.png", "media/images/img_6300_c4189bf09dd6bb3b7017.png", "media/images/img_6300_92a49baa2069921ee769.png"]}, "_runtime": 239.46571612358093, "_step": 6300}